<keymap version="1" name="VSCode copy" parent="VSCode">
  <action id="$Redo">
    <keyboard-shortcut first-keystroke="ctrl y" />
  </action>
  <action id="ActivateTerminalToolWindow">
    <keyboard-shortcut first-keystroke="ctrl back_quote" />
    <keyboard-shortcut first-keystroke="ctrl semicolon" />
  </action>
  <action id="AddToFavorites">
    <keyboard-shortcut first-keystroke="shift alt f" />
  </action>
  <action id="BracketSelection.Plugin.All">
    <mouse-shortcut keystroke="alt button1 doubleClick" />
    <keyboard-shortcut first-keystroke="alt a" />
  </action>
  <action id="CommentByLineComment">
    <keyboard-shortcut first-keystroke="shift ctrl a" />
  </action>
  <action id="Console.History.Browse" />
  <action id="Console.Jdbc.BrowseHistory" />
  <action id="Console.Jdbc.Terminate" />
  <action id="DatabaseView.CloseConnectionAction" />
  <action id="Debug">
    <keyboard-shortcut first-keystroke="shift f5" />
  </action>
  <action id="Editor Redo">
    <keyboard-shortcut first-keystroke="ctrl y" />
  </action>
  <action id="EditorSelectWord">
    <keyboard-shortcut first-keystroke="shift alt right" />
    <keyboard-shortcut first-keystroke="alt a" />
  </action>
  <action id="Graph.ApplyCurrentLayout" />
  <action id="Graph.RouteEdges" />
  <action id="GuiDesigner.QuickJavadoc" />
  <action id="IntroduceField" />
  <action id="IntroduceProperty" />
  <action id="Move" />
  <action id="ParameterInfo" />
  <action id="PerforceDirect.Edit" />
  <action id="QuickJavaDoc">
    <keyboard-shortcut first-keystroke="shift ctrl space" />
  </action>
  <action id="ReformatCode">
    <keyboard-shortcut first-keystroke="ctrl alt f" />
  </action>
  <action id="Resume">
    <keyboard-shortcut first-keystroke="f5" />
  </action>
  <action id="RevealIn">
    <keyboard-shortcut first-keystroke="ctrl k" second-keystroke="r" />
    <keyboard-shortcut first-keystroke="ctrl alt e" />
  </action>
  <action id="RunClass">
    <keyboard-shortcut first-keystroke="shift ctrl f10" />
    <keyboard-shortcut first-keystroke="f6" />
  </action>
  <action id="RunDashboard.Stop" />
  <action id="SaveAll">
    <keyboard-shortcut first-keystroke="ctrl s" />
  </action>
  <action id="SaveDocument" />
  <action id="SearchEverywhere">
    <keyboard-shortcut first-keystroke="f1" />
  </action>
  <action id="ServiceView.GroupByContributor" />
  <action id="ShowFilterPopup" />
  <action id="Stop" />
  <action id="SurroundWith">
    <keyboard-shortcut first-keystroke="ctrl alt s" />
  </action>
  <action id="Terminal.OpenInTerminal">
    <keyboard-shortcut first-keystroke="ctrl alt t" />
  </action>
  <action id="ToggleFindInSelection" />
  <action id="UsageGrouping.FileStructure" />
  <action id="UsageGrouping.UsageType" />
  <action id="Vcs.Log.ShowTooltip" />
  <action id="org.intellij.plugins.markdown.ui.actions.editorLayout.CyclicSplitLayoutChangeAction" />
</keymap>